timestamp,bid_price,ask_price,bid_volume,ask_volume
2024-01-01 00:00:00,100.24835707650561,100.26505637979598,239,925
2024-01-01 00:01:00,100.17922492592002,100.1934076395334,185,702
2024-01-01 00:02:00,100.50306919497037,100.53852640495211,604,222
2024-01-01 00:03:00,101.26458412317439,101.30284315223386,453,59
2024-01-01 00:04:00,101.14750743581271,101.15877088160573,941,789
2024-01-01 00:05:00,101.03043895733812,101.07788744718786,914,314
2024-01-01 00:06:00,101.82004536509181,101.83212421643788,651,487
2024-01-01 00:07:00,102.20376272966827,102.23541458308031,856,809
2024-01-01 00:08:00,101.9690255367008,102.00738795747884,390,296
2024-01-01 00:09:00,102.24030555849379,102.28514432344363,806,716
2024-01-01 00:10:00,102.00859671208755,102.04716018937285,994,595
2024-01-01 00:11:00,101.77573183530242,101.81780095862521,753,548
2024-01-01 00:12:00,101.89671297108544,101.92029097878715,367,178
2024-01-01 00:13:00,100.94007284875654,100.9826658533064,667,721
2024-01-01 00:14:00,100.07761393250003,100.09081852635542,412,650
2024-01-01 00:15:00,99.79647016787953,99.84226283412195,871,654
2024-01-01 00:16:00,99.29005460771232,99.32195830275847,431,376
2024-01-01 00:17:00,99.44717827400996,99.48987018480845,282,802
2024-01-01 00:18:00,98.99316623624935,99.02125896763009,826,884
2024-01-01 00:19:00,98.28701438558171,98.32275749338957,393,453
2024-01-01 00:20:00,99.01983877004248,99.05089487647993,598,678
2024-01-01 00:21:00,98.90695061979922,98.94621420066943,866,655
2024-01-01 00:22:00,98.94071472214318,98.9539799214244,602,724
2024-01-01 00:23:00,98.22834062903645,98.24075471239607,578,660
2024-01-01 00:24:00,97.95614926677386,97.97603339613427,905,674
2024-01-01 00:25:00,98.0116105616288,98.02799234883332,838,408
2024-01-01 00:26:00,97.43611377291765,97.48098511558133,868,652
2024-01-01 00:27:00,97.62396278209047,97.64273134158479,620,907
2024-01-01 00:28:00,97.32364343713108,97.37267804736385,984,767
2024-01-01 00:29:00,97.17779656223443,97.20127239390528,232,66
2024-01-01 00:30:00,96.87694325611974,96.89422797274729,90,323
2024-01-01 00:31:00,97.8030823483742,97.8446702886599,600,734
2024-01-01 00:32:00,97.79633373600524,97.83268204702527,446,165
2024-01-01 00:33:00,97.2674782715273,97.29740610018543,753,910
2024-01-01 00:34:00,97.67875072757889,97.7109652696164,828,742
2024-01-01 00:35:00,97.06832890259338,97.10709697372427,543,140
2024-01-01 00:36:00,97.17276070009575,97.191898889749,708,131
2024-01-01 00:37:00,96.19292563815587,96.24277899479814,956,373
2024-01-01 00:38:00,95.52883261370665,95.57782434019252,382,163
2024-01-01 00:39:00,95.62726323164121,95.66327625909508,176,818
2024-01-01 00:40:00,95.99649652163892,96.01447821967608,607,107
2024-01-01 00:41:00,96.08218066223391,96.11938979193116,606,203
2024-01-01 00:42:00,96.02435652103978,96.03724445739894,50,926
2024-01-01 00:43:00,95.87380467324513,95.88503077333337,217,453
2024-01-01 00:44:00,95.13454367806142,95.15485099360187,669,677
2024-01-01 00:45:00,94.77462157386407,94.80312649213364,68,904
2024-01-01 00:46:00,94.54430218838418,94.58903308860052,381,315
2024-01-01 00:47:00,95.07286330149364,95.11195006428429,633,364
2024-01-01 00:48:00,95.24467244627786,95.28438070712586,505,764
2024-01-01 00:49:00,94.3631523685965,94.39017210197443,158,90
2024-01-01 00:50:00,94.5251943532939,94.54903175299577,317,154
2024-01-01 00:51:00,94.33265321308573,94.35749476360512,494,950
2024-01-01 00:52:00,93.99419221293276,94.04369819548221,289,939
2024-01-01 00:53:00,94.3000303573532,94.3116347250097,978,242
2024-01-01 00:54:00,94.81553011860117,94.86021137844607,350,450
2024-01-01 00:55:00,95.28117017815927,95.31431719450217,651,327
2024-01-01 00:56:00,94.86156141654794,94.88910603331553,152,403
2024-01-01 00:57:00,94.70695522862233,94.74596553503893,299,798
2024-01-01 00:58:00,94.87258694432413,94.90205370198112,502,986
2024-01-01 00:59:00,95.3603595078853,95.40529643740857,569,782
2024-01-01 01:00:00,95.12077238896265,95.1668004635231,202,629
2024-01-01 01:01:00,95.02794290063075,95.05481173770569,908,758
2024-01-01 01:02:00,94.47477541362774,94.49584852551715,223,305
2024-01-01 01:03:00,93.8766721015874,93.91036611473113,392,700
2024-01-01 01:04:00,94.28293501278449,94.32942954660916,719,873
2024-01-01 01:05:00,94.9610550270699,94.97948151463012,480,996
2024-01-01 01:06:00,94.92504996627974,94.95996862962228,776,710
2024-01-01 01:07:00,95.42681641522576,95.46207882402946,738,148
2024-01-01 01:08:00,95.60763442774957,95.64695894864619,736,637
2024-01-01 01:09:00,95.285074550447,95.30033725785209,901,331
2024-01-01 01:10:00,95.46577235320122,95.5044053517885,899,932
2024-01-01 01:11:00,96.2347906364342,96.28115193726083,707,452
2024-01-01 01:12:00,96.21687761687923,96.23406494123404,373,158
2024-01-01 01:13:00,96.99919944478623,97.01870117778319,722,749
2024-01-01 01:14:00,95.68932689274135,95.73818269650302,688,248
2024-01-01 01:15:00,96.10027814492896,96.11751722303734,469,352
2024-01-01 01:16:00,96.14380167904805,96.18797708278284,643,376
2024-01-01 01:17:00,95.99429800381512,96.02398911807303,534,203
2024-01-01 01:18:00,96.04017839208286,96.06006763505899,708,601
2024-01-01 01:19:00,95.04639393478243,95.09122393083334,800,694
2024-01-01 01:20:00,94.93655799086366,94.96437020106377,461,454
2024-01-01 01:21:00,95.11511427661954,95.14570697077673,985,511
2024-01-01 01:22:00,95.8540612989903,95.8784306337663,133,181
2024-01-01 01:23:00,95.59492618985348,95.62864422391088,162,840
2024-01-01 01:24:00,95.19067938840688,95.20722034331028,786,923
2024-01-01 01:25:00,94.93980086661462,94.96544412808069,381,133
2024-01-01 01:26:00,95.39750192546565,95.44627841835906,427,448
2024-01-01 01:27:00,95.5618774802955,95.58220281760354,804,803
2024-01-01 01:28:00,95.29699737841197,95.33326684499363,704,677
2024-01-01 01:29:00,95.55363109496865,95.57663869753763,90,158
2024-01-01 01:30:00,95.60216986964267,95.64310879467013,984,270
2024-01-01 01:31:00,96.08649236490912,96.10172731133785,819,953
2024-01-01 01:32:00,95.73546581797044,95.78425865977358,846,602
2024-01-01 01:33:00,95.57163474467156,95.5997863263269,154,417
2024-01-01 01:34:00,95.37558066810547,95.39502268663932,251,196
2024-01-01 01:35:00,94.64382319403941,94.65676306393262,499,161
2024-01-01 01:36:00,94.7918833325717,94.8086736487752,868,664
2024-01-01 01:37:00,94.92241096866165,94.9532019266039,892,607
2024-01-01 01:38:00,94.92496769698288,94.94844782404013,315,973
2024-01-01 01:39:00,94.80767413029531,94.85082946493061,959,543
2024-01-01 01:40:00,94.0999887592701,94.12722426021658,259,554
2024-01-01 01:41:00,93.88966609788741,93.90961466879092,612,524
2024-01-01 01:42:00,93.71830883962403,93.75299463908819,167,885
2024-01-01 01:43:00,93.31717020501323,93.35544129368864,762,939
2024-01-01 01:44:00,93.23652734918022,93.25320902549626,426,320
2024-01-01 01:45:00,93.43855277758749,93.45525754623903,600,470
2024-01-01 01:46:00,94.38164572819275,94.39311258527009,589,946
2024-01-01 01:47:00,94.46893463460867,94.50839071521129,820,756
2024-01-01 01:48:00,94.59770982997006,94.63426201107492,133,416
2024-01-01 01:49:00,94.56048687208697,94.58947210711696,503,329
2024-01-01 01:50:00,93.60110126443745,93.64486808239621,716,332
2024-01-01 01:51:00,93.58784432671284,93.63007113283085,678,89
2024-01-01 01:52:00,93.61795943168336,93.65137360625923,563,238
2024-01-01 01:53:00,94.849580487926,94.89431133914654,654,213
2024-01-01 01:54:00,94.75340000553544,94.77163365393692,727,585
2024-01-01 01:55:00,94.90417367670224,94.91865046147815,436,585
2024-01-01 01:56:00,94.88681779184962,94.9076077763103,961,53
2024-01-01 01:57:00,94.30247877303985,94.31476224728343,399,884
2024-01-01 01:58:00,94.87389018029737,94.90513696141741,345,339
2024-01-01 01:59:00,95.24985669664075,95.29732092433255,307,482
2024-01-01 02:00:00,95.64537267016227,95.65694641178901,130,520
2024-01-01 02:01:00,95.1906789427649,95.20556333932531,986,230
2024-01-01 02:02:00,95.89207609823296,95.9201640593643,317,297
2024-01-01 02:03:00,95.19115056683681,95.23850556753793,468,677
2024-01-01 02:04:00,95.48457911373696,95.50722535793602,284,328
2024-01-01 02:05:00,96.57980692664194,96.61009631898948,882,926
2024-01-01 02:06:00,96.0845387640766,96.09620167843862,360,630
2024-01-01 02:07:00,95.80138989927521,95.8173236273137,862,912
2024-01-01 02:08:00,95.85121558181903,95.90068078673738,406,303
2024-01-01 02:09:00,95.59947775476093,95.64808250261837,262,230
2024-01-01 02:10:00,94.82414603922787,94.83434363846524,623,879
2024-01-01 02:11:00,94.85842752663088,94.9064999980478,98,730
2024-01-01 02:12:00,94.32727566976783,94.36284046728045,176,874
2024-01-01 02:13:00,94.56407188508541,94.6087886168662,272,558
2024-01-01 02:14:00,94.10435976796852,94.13254936219387,970,810
2024-01-01 02:15:00,94.87932697047728,94.90995081162045,328,749
2024-01-01 02:16:00,94.48770032430917,94.51725418751946,457,615
2024-01-01 02:17:00,94.32666956620633,94.36334413650818,554,375
2024-01-01 02:18:00,94.73342817489116,94.74901422508141,343,406
2024-01-01 02:19:00,94.11799601667418,94.12919496026909,845,874
2024-01-01 02:20:00,94.23172598397625,94.2540431816399,326,699
2024-01-01 02:21:00,94.88529736111747,94.92348459162693,487,729
2024-01-01 02:22:00,94.08155574383684,94.09962988192176,156,440
2024-01-01 02:23:00,94.173872673103,94.210809970436,707,664
2024-01-01 02:24:00,94.30381407022722,94.35261055207151,469,983
2024-01-01 02:25:00,94.69472550611587,94.70848153474745,660,134
2024-01-01 02:26:00,94.07625015067683,94.11315423540583,478,366
2024-01-01 02:27:00,93.41602184413469,93.44377185290688,424,261
2024-01-01 02:28:00,93.67699262694313,93.72171831711823,122,564
2024-01-01 02:29:00,93.82548496355973,93.84257095513763,998,433
2024-01-01 02:30:00,93.95073138873268,93.98843642682172,683,740
2024-01-01 02:31:00,94.12395549348116,94.16748010506709,79,391
2024-01-01 02:32:00,93.78394313269192,93.83172770147088,237,864
2024-01-01 02:33:00,93.90006998127241,93.937399902404,413,893
2024-01-01 02:34:00,94.04660621792175,94.07649320848209,915,87
2024-01-01 02:35:00,93.68943050890857,93.72414439851661,849,560
2024-01-01 02:36:00,94.62231776448095,94.6670739638601,500,469
2024-01-01 02:37:00,94.85923422493684,94.8920586148024,244,800
2024-01-01 02:38:00,94.26358247633551,94.27479795872338,205,218
2024-01-01 02:39:00,94.59185928065243,94.6390972284727,221,958
2024-01-01 02:40:00,94.10451844553877,94.14209951558003,896,392
2024-01-01 02:41:00,94.49806074741,94.53512128284109,90,875
2024-01-01 02:42:00,95.0773585369137,95.09598554300962,112,355
2024-01-01 02:43:00,94.66701737773785,94.70337279654716,72,591
2024-01-01 02:44:00,95.14870544236001,95.17446001858617,409,751
2024-01-01 02:45:00,95.35509590582825,95.3911452249099,124,918
2024-01-01 02:46:00,95.7661259858255,95.78038970703781,609,586
2024-01-01 02:47:00,96.71452247715247,96.75083628933659,721,161
2024-01-01 02:48:00,96.59182841915104,96.64180496818187,874,460
2024-01-01 02:49:00,96.2149603369723,96.22688881852672,167,996
2024-01-01 02:50:00,95.77020312215953,95.81929008952838,661,255
2024-01-01 02:51:00,95.36229797967681,95.38857429810572,429,234
2024-01-01 02:52:00,95.32374712496976,95.36857726298325,978,431
2024-01-01 02:53:00,95.49432311237808,95.53561853174041,969,545
2024-01-01 02:54:00,95.6326685120431,95.66534916248256,728,428
2024-01-01 02:55:00,96.0462601365611,96.08579810493116,339,96
2024-01-01 02:56:00,96.05276108250006,96.09790170495211,489,935
2024-01-01 02:57:00,96.77952812107871,96.80569373394475,717,789
2024-01-01 02:58:00,96.64719970445974,96.67028103092227,982,600
2024-01-01 02:59:00,98.00728428775454,98.04398802317709,56,577
2024-01-01 03:00:00,98.32011796163705,98.3624317993147,245,553
2024-01-01 03:01:00,97.8915391834289,97.93203058881997,470,71
2024-01-01 03:02:00,97.35609293439835,97.3980054803527,617,262
2024-01-01 03:03:00,97.59732914201994,97.62475247461246,882,359
2024-01-01 03:04:00,97.48559774935703,97.52831111800403,242,710
2024-01-01 03:05:00,97.84259799640307,97.8574063586179,608,802
2024-01-01 03:06:00,98.07921680868984,98.11099637260827,197,321
2024-01-01 03:07:00,98.0428023523614,98.05303269878134,836,620
2024-01-01 03:08:00,97.6194054933272,97.64238892652322,718,848
2024-01-01 03:09:00,96.86198188098427,96.88664034237912,251,987
2024-01-01 03:10:00,96.63872440495075,96.66457131261512,493,251
2024-01-01 03:11:00,97.0669238021125,97.10474249038009,963,81
2024-01-01 03:12:00,97.1739706741776,97.19951299822841,468,492
2024-01-01 03:13:00,96.5511012848216,96.5790490297265,476,211
2024-01-01 03:14:00,96.6376917477472,96.65719351298218,528,816
2024-01-01 03:15:00,96.83035043761161,96.85528050927678,524,303
2024-01-01 03:16:00,96.38842171951104,96.40751250460157,175,570
2024-01-01 03:17:00,96.46528427248381,96.47821210943455,444,700
2024-01-01 03:18:00,96.49438863170681,96.52852657544207,866,529
2024-01-01 03:19:00,95.9229034827915,95.9596319947337,930,59
2024-01-01 03:20:00,96.10179716296564,96.13657677680602,855,775
2024-01-01 03:21:00,96.38218942614975,96.41072918790178,625,554
2024-01-01 03:22:00,96.92371504773739,96.94890647894456,374,834
2024-01-01 03:23:00,97.45061607375484,97.49514941973771,441,885
2024-01-01 03:24:00,96.7617813897763,96.79254466118175,979,609
2024-01-01 03:25:00,96.29286886981873,96.32203614492393,737,485
2024-01-01 03:26:00,96.55038650342307,96.56141218605532,677,160
2024-01-01 03:27:00,96.80727947887917,96.83092939198421,489,202
2024-01-01 03:28:00,97.06480332203219,97.09001114678362,253,684
2024-01-01 03:29:00,98.99116906735955,99.01712197859543,535,966
2024-01-01 03:30:00,99.27661432270614,99.30982121747523,882,918
2024-01-01 03:31:00,99.84439714279644,99.87574124466552,80,151
2024-01-01 03:32:00,100.32139802454304,100.35571422825478,437,802
2024-01-01 03:33:00,100.64709365019594,100.68768898065763,674,882
2024-01-01 03:34:00,100.48945902787577,100.53197845742442,926,240
2024-01-01 03:35:00,100.8689436381224,100.90766856117146,483,778
2024-01-01 03:36:00,100.48253103085362,100.53075197869182,886,612
2024-01-01 03:37:00,100.3641217274836,100.37485103079067,975,853
2024-01-01 03:38:00,100.12143995356905,100.1392710729964,425,130
2024-01-01 03:39:00,100.16237702326222,100.17267953826135,393,538
2024-01-01 03:40:00,101.31970630659897,101.35560529516516,492,944
2024-01-01 03:41:00,100.3860737103031,100.43199493226109,628,137
2024-01-01 03:42:00,100.72920380549036,100.7489430973534,124,243
2024-01-01 03:43:00,99.92284586989553,99.96992725168738,606,153
2024-01-01 03:44:00,99.68687993700081,99.69929063261239,821,832
2024-01-01 03:45:00,100.2313552354845,100.27873267655671,715,145
2024-01-01 03:46:00,100.26349524503223,100.28756015252182,204,472
2024-01-01 03:47:00,99.72462285606757,99.73867968920554,479,940
2024-01-01 03:48:00,99.36697100143759,99.39640587180504,412,247
2024-01-01 03:49:00,99.70676987590493,99.72704093861374,497,50
2024-01-01 03:50:00,99.34158656004637,99.36298147612484,283,456
2024-01-01 03:51:00,99.44981585483735,99.4721074534344,612,427
2024-01-01 03:52:00,99.47260177478925,99.51472281070257,867,216
2024-01-01 03:53:00,99.14680160098635,99.17836805205336,311,558
2024-01-01 03:54:00,100.21877364564901,100.24122595361524,876,687
2024-01-01 03:55:00,100.53573315680802,100.57014650814045,174,362
2024-01-01 03:56:00,99.52316186347922,99.56180789044815,960,642
2024-01-01 03:57:00,99.61638902086392,99.63729398089326,294,467
2024-01-01 03:58:00,99.28549578847974,99.31203775254075,591,812
2024-01-01 03:59:00,99.71171245587784,99.72658789961132,987,730
2024-01-01 04:00:00,99.3154520866615,99.33269806064288,534,526
2024-01-01 04:01:00,99.25808386592804,99.29532858008665,171,122
2024-01-01 04:02:00,99.51057750541827,99.52783503932609,174,190
2024-01-01 04:03:00,99.94345510250334,99.97446163785001,598,631
2024-01-01 04:04:00,99.34330689897544,99.38166874944434,219,311
2024-01-01 04:05:00,99.17605628105497,99.19033135797876,173,389
2024-01-01 04:06:00,98.9385836254745,98.97127611425965,918,357
2024-01-01 04:07:00,98.61191900918763,98.63218152053568,84,294
2024-01-01 04:08:00,99.49464612932819,99.54316320433769,136,564
2024-01-01 04:09:00,99.69713698480867,99.72647881067746,695,386
2024-01-01 04:10:00,99.06669500764114,99.10893470963215,757,624
2024-01-01 04:11:00,99.52562598116853,99.55763504285478,835,610
2024-01-01 04:12:00,100.58670407967485,100.59844058098903,250,125
2024-01-01 04:13:00,101.10293670995041,101.13826276497417,418,929
2024-01-01 04:14:00,100.3432517269734,100.39130786066167,846,224
2024-01-01 04:15:00,100.10113469054029,100.13519916334614,126,158
2024-01-01 04:16:00,100.73459026513359,100.77735781951066,108,232
2024-01-01 04:17:00,100.3807555323242,100.42612379085814,480,241
2024-01-01 04:18:00,100.60266524639732,100.62178843727528,687,114
2024-01-01 04:19:00,100.98998227311199,101.00846406670831,549,898
2024-01-01 04:20:00,100.52651703732295,100.560956276877,962,523
2024-01-01 04:21:00,100.49675435929205,100.52319549808432,158,832
2024-01-01 04:22:00,98.87612068925752,98.9197151413722,785,149
2024-01-01 04:23:00,98.36392686859037,98.4099277935263,327,593
2024-01-01 04:24:00,98.23764279289378,98.26177964806588,117,913
2024-01-01 04:25:00,97.61375120191136,97.63322602427033,118,177
2024-01-01 04:26:00,98.42995685387719,98.47117787448694,214,501
2024-01-01 04:27:00,97.71488616489687,97.73587840631879,538,963
2024-01-01 04:28:00,97.49486392154837,97.53776849428893,354,418
2024-01-01 04:29:00,97.56023421019142,97.58718374033738,958,900
2024-01-01 04:30:00,98.28087085472447,98.31757285069612,723,92
2024-01-01 04:31:00,97.56293977913475,97.57676119168813,414,933
2024-01-01 04:32:00,98.14452165521223,98.17947602819929,903,468
2024-01-01 04:33:00,98.14963818572203,98.17770889287152,870,537
2024-01-01 04:34:00,97.65888386019806,97.69234819872509,428,127
2024-01-01 04:35:00,97.88993559732968,97.90665616563948,392,875
2024-01-01 04:36:00,97.98946544511642,98.02894039491419,996,850
2024-01-01 04:37:00,97.68935700653702,97.73386888963876,948,319
2024-01-01 04:38:00,97.72425804903203,97.74292764103566,603,723
2024-01-01 04:39:00,97.53160125060116,97.54542983282197,403,750
2024-01-01 04:40:00,97.58835992322678,97.59930546666862,465,808
2024-01-01 04:41:00,97.9194252604873,97.95510412050503,158,949
2024-01-01 04:42:00,98.71243366855998,98.74671743000353,612,777
2024-01-01 04:43:00,98.09352591914656,98.12539381565512,811,364
2024-01-01 04:44:00,99.16004260647469,99.17932049031933,546,974
2024-01-01 04:45:00,98.18399870671344,98.20963494654966,390,900
2024-01-01 04:46:00,98.10810615919564,98.14188521260309,991,951
2024-01-01 04:47:00,98.40226476243794,98.43213543679231,432,938
2024-01-01 04:48:00,98.54276069630545,98.59227211711405,582,994
2024-01-01 04:49:00,98.23141093639515,98.24686852649742,349,217
2024-01-01 04:50:00,98.12734981121652,98.16515559337842,188,388
2024-01-01 04:51:00,97.88084934388709,97.90702209461126,408,242
2024-01-01 04:52:00,97.58616696541499,97.61329495001202,885,502
2024-01-01 04:53:00,98.0109680139255,98.04967192455183,548,332
2024-01-01 04:54:00,98.18947575690802,98.227173202961,434,385
2024-01-01 04:55:00,97.84302095927771,97.8926711990258,653,439
2024-01-01 04:56:00,98.29282089699433,98.30795666857249,329,574
2024-01-01 04:57:00,98.44647065743263,98.46063504340799,686,289
2024-01-01 04:58:00,98.85290171685212,98.89187526953727,532,881
2024-01-01 04:59:00,99.16771613781391,99.20085161449417,958,532
2024-01-01 05:00:00,98.75321863235288,98.77418505901528,160,708
2024-01-01 05:01:00,98.4731281122544,98.48630488701396,915,765
2024-01-01 05:02:00,98.84677491481602,98.86020124479988,188,641
2024-01-01 05:03:00,99.15196004753275,99.19772768251931,484,940
2024-01-01 05:04:00,99.14150925055068,99.15918394353943,558,604
2024-01-01 05:05:00,99.20017294220507,99.22310780468969,322,507
2024-01-01 05:06:00,99.83900539009929,99.85807164618836,148,138
2024-01-01 05:07:00,99.54321969568137,99.56741954791465,813,709
2024-01-01 05:08:00,99.81676838626639,99.82954533997624,899,144
2024-01-01 05:09:00,99.71567206004944,99.74643445168577,153,501
2024-01-01 05:10:00,99.60683145843583,99.61953596097952,263,477
2024-01-01 05:11:00,100.15621988442943,100.19823414474233,810,200
2024-01-01 05:12:00,100.56892805892345,100.58827654219986,713,563
2024-01-01 05:13:00,100.97568287692377,101.00728335350794,811,425
2024-01-01 05:14:00,101.62842228050093,101.67362544400339,836,71
2024-01-01 05:15:00,101.63892420131731,101.6749592960792,214,932
2024-01-01 05:16:00,101.9799006869648,102.01121899842686,902,362
2024-01-01 05:17:00,101.82476730866806,101.84774065879267,569,889
2024-01-01 05:18:00,101.98685048491228,102.0101705614346,333,568
2024-01-01 05:19:00,101.92177895772845,101.95855843593638,566,255
2024-01-01 05:20:00,101.9702769402248,102.02004251467365,706,424
2024-01-01 05:21:00,102.26785545294325,102.30432902053722,662,500
2024-01-01 05:22:00,101.85874511132653,101.89105644802133,213,675
2024-01-01 05:23:00,102.90493874916925,102.94416476957882,935,833
2024-01-01 05:24:00,102.4019300584194,102.43053828291075,708,644
2024-01-01 05:25:00,101.79483575202553,101.80724144572956,113,228
2024-01-01 05:26:00,102.37389118877557,102.4063830614107,140,259
2024-01-01 05:27:00,102.76972253575704,102.81802754713726,166,549
2024-01-01 05:28:00,103.08178244428312,103.09879456197743,915,513
2024-01-01 05:29:00,103.39595519891526,103.43355539454808,316,889
2024-01-01 05:30:00,103.38983181249179,103.40786916003816,871,173
2024-01-01 05:31:00,102.94120462674888,102.9726377341278,734,162
2024-01-01 05:32:00,102.97910690584574,102.9929739638316,608,61
2024-01-01 05:33:00,102.64052605008969,102.66854088754002,189,175
2024-01-01 05:34:00,103.12808591679857,103.16833244995438,295,614
2024-01-01 05:35:00,103.05455722604749,103.07846008701705,710,380
2024-01-01 05:36:00,102.64180862765124,102.67840509663073,807,950
2024-01-01 05:37:00,102.48111570682474,102.52293370525632,444,332
2024-01-01 05:38:00,102.68758143396255,102.73466854674173,536,189
2024-01-01 05:39:00,102.40571915756057,102.42510484083479,525,450
2024-01-01 05:40:00,101.99460895977735,102.02058159640973,566,951
2024-01-01 05:41:00,102.1164525655233,102.13254920605652,233,146
2024-01-01 05:42:00,102.23893585107767,102.288635191164,69,566
2024-01-01 05:43:00,101.9854642633921,102.03254430210907,986,618
2024-01-01 05:44:00,101.74994511058294,101.78154339579416,607,973
2024-01-01 05:45:00,101.86597007926176,101.90965141103682,573,895
2024-01-01 05:46:00,101.1419279085131,101.17276622760397,631,118
2024-01-01 05:47:00,100.43819602132483,100.47313944884493,578,167
2024-01-01 05:48:00,100.07897391069861,100.09253888798325,932,937
2024-01-01 05:49:00,99.97225033484268,100.01246115166256,196,108
2024-01-01 05:50:00,100.12770411764168,100.14281265698709,715,82
2024-01-01 05:51:00,100.86538222611645,100.90842493132655,353,367
2024-01-01 05:52:00,101.29421203771747,101.33549316122429,669,99
2024-01-01 05:53:00,101.21424277273576,101.25259256064548,797,929
2024-01-01 05:54:00,101.20473466878441,101.2161810840054,869,538
2024-01-01 05:55:00,100.7034699864655,100.72559512070332,913,68
2024-01-01 05:56:00,100.69421341846932,100.71473792126575,631,775
2024-01-01 05:57:00,100.54988409900925,100.57428955530811,744,246
2024-01-01 05:58:00,100.71124337917828,100.72474908904884,811,940
2024-01-01 05:59:00,100.29762790740213,100.34510622032337,277,499
2024-01-01 06:00:00,100.55730116452271,100.58945325415121,151,608
2024-01-01 06:01:00,101.323670621024,101.34589159345032,636,728
2024-01-01 06:02:00,101.26929054679557,101.29516980747854,466,501
2024-01-01 06:03:00,101.47014640784504,101.49803450946523,265,338
2024-01-01 06:04:00,101.8152184037006,101.84924217703502,456,190
2024-01-01 06:05:00,101.61460816775768,101.64523534486554,448,133
2024-01-01 06:06:00,101.72665440866288,101.77343008759146,972,743
2024-01-01 06:07:00,101.73295060905379,101.76282914837002,764,440
2024-01-01 06:08:00,101.7817886583282,101.83147497892112,753,640
2024-01-01 06:09:00,101.39528376640047,101.43934076471027,810,264
2024-01-01 06:10:00,101.40753885352994,101.42587927410423,548,575
2024-01-01 06:11:00,101.65653799915266,101.70376180773842,803,264
2024-01-01 06:12:00,102.38210980305018,102.3967644589656,514,452
2024-01-01 06:13:00,102.86174521609279,102.90444320443244,740,177
2024-01-01 06:14:00,103.93833644484857,103.96356137658763,998,871
2024-01-01 06:15:00,103.55466266340454,103.59978163622235,780,526
2024-01-01 06:16:00,103.99082298176488,104.03554524936918,131,809
2024-01-01 06:17:00,104.08249398463406,104.12473100063876,653,453
2024-01-01 06:18:00,105.17739545124289,105.21899666869517,996,78
2024-01-01 06:19:00,104.77324630856532,104.79543347412924,736,841
2024-01-01 06:20:00,104.35338538747493,104.36662215879699,800,387
2024-01-01 06:21:00,104.05368906475292,104.07980827190352,821,880
2024-01-01 06:22:00,102.99174120259802,103.00868218319748,952,763
2024-01-01 06:23:00,102.72886369175764,102.76666173531373,414,410
2024-01-01 06:24:00,102.34929736098078,102.3731413500423,212,618
2024-01-01 06:25:00,102.42449425421889,102.47351866225328,97,441
2024-01-01 06:26:00,102.59537224210747,102.63101112520128,560,267
2024-01-01 06:27:00,103.53345766171542,103.57635688426079,378,623
2024-01-01 06:28:00,104.00866958080843,104.02397056771811,889,718
2024-01-01 06:29:00,103.72021775297723,103.76469833226814,165,251
2024-01-01 06:30:00,103.27101041730306,103.3179207049236,990,66
2024-01-01 06:31:00,103.51697000305631,103.54645247980908,898,371
2024-01-01 06:32:00,102.85685339954598,102.89110351705602,386,567
2024-01-01 06:33:00,103.77258278247317,103.81317517450928,930,619
2024-01-01 06:34:00,104.36230284283381,104.37929638792423,786,374
2024-01-01 06:35:00,104.12771501678145,104.15781765983999,913,461
2024-01-01 06:36:00,103.27114775223602,103.29709427334691,889,367
2024-01-01 06:37:00,103.94808393931872,103.96393889900521,196,730
2024-01-01 06:38:00,103.89081401669242,103.91551539358407,624,131
2024-01-01 06:39:00,104.50972217267915,104.52244906505457,855,523
2024-01-01 06:40:00,103.71250834328197,103.72354081955994,372,517
2024-01-01 06:41:00,103.41282083180508,103.42822748337127,492,474
2024-01-01 06:42:00,103.41544268166416,103.46396728612773,886,994
2024-01-01 06:43:00,103.43893297854653,103.47091415998233,62,780
2024-01-01 06:44:00,103.21390024280691,103.26253312925304,992,738
2024-01-01 06:45:00,103.52532520898066,103.55262512411386,543,253
2024-01-01 06:46:00,102.99151499428937,103.01398763961278,750,632
2024-01-01 06:47:00,102.92032525177872,102.95057092629233,336,436
2024-01-01 06:48:00,102.98047306763468,103.00805353518,769,827
2024-01-01 06:49:00,103.23769248466405,103.25191907203453,163,147
2024-01-01 06:50:00,103.59349992370849,103.6291329762961,529,394
2024-01-01 06:51:00,103.03117887778956,103.04982040508995,71,852
2024-01-01 06:52:00,102.26412179242175,102.29890531061766,398,257
2024-01-01 06:53:00,102.902960203371,102.93896824706692,775,563
2024-01-01 06:54:00,103.0691172093608,103.08519820348594,732,685
2024-01-01 06:55:00,102.69487394108252,102.70732792616694,884,841
2024-01-01 06:56:00,103.47044992884378,103.51168039228652,615,635
2024-01-01 06:57:00,103.52828724599021,103.55667926294099,955,215
2024-01-01 06:58:00,104.11793583802212,104.13026238984234,859,71
2024-01-01 06:59:00,104.15169507872717,104.20148973141396,369,203
2024-01-01 07:00:00,105.18206904116818,105.19438026360802,175,988
2024-01-01 07:01:00,106.05973946238977,106.09754087154411,326,488
2024-01-01 07:02:00,105.93525738815023,105.98460454516076,253,344
2024-01-01 07:03:00,106.42104286362742,106.44061006779606,243,268
2024-01-01 07:04:00,106.74373083841999,106.75942081316748,730,718
2024-01-01 07:05:00,107.42804661718617,107.44290201476306,713,544
2024-01-01 07:06:00,106.94558488689611,106.96771589279882,596,279
2024-01-01 07:07:00,107.28861061689533,107.30265244933575,745,69
2024-01-01 07:08:00,107.81782286032012,107.85550931398788,335,602
2024-01-01 07:09:00,106.93845311710857,106.95094478903377,106,999
2024-01-01 07:10:00,106.34682386077569,106.37720074590167,783,197
2024-01-01 07:11:00,105.32720777189563,105.37707564604975,352,157
2024-01-01 07:12:00,105.19250435467335,105.23506316545358,212,452
2024-01-01 07:13:00,105.55127548257133,105.58588426010057,68,645
2024-01-01 07:14:00,106.30245400861935,106.32470415345081,419,532
2024-01-01 07:15:00,106.33950139882923,106.37445723228089,313,416
2024-01-01 07:16:00,107.15380917161488,107.18489083017134,843,883
2024-01-01 07:17:00,106.46375844250744,106.49080177786306,162,463
2024-01-01 07:18:00,105.61206722282985,105.62729563789946,537,358
2024-01-01 07:19:00,105.58429337338154,105.62975754199115,376,851
2024-01-01 07:20:00,105.7763260978512,105.80431748380406,591,967
2024-01-01 07:21:00,105.75997872380415,105.77776362427699,696,884
2024-01-01 07:22:00,104.72625767378422,104.75096804781931,628,183
2024-01-01 07:23:00,104.68169765402781,104.70826284412897,114,768
2024-01-01 07:24:00,104.0294629037754,104.07256441959807,341,332
2024-01-01 07:25:00,104.36429917819041,104.40364375341287,74,827
2024-01-01 07:26:00,104.54759830123884,104.5883704969845,598,122
2024-01-01 07:27:00,104.07765840807517,104.08809965865231,50,530
2024-01-01 07:28:00,103.82072494940681,103.847371109334,960,401
2024-01-01 07:29:00,103.29111818846233,103.32037195452774,598,609
2024-01-01 07:30:00,103.25977863982575,103.27054633089868,190,375
2024-01-01 07:31:00,103.73734980007637,103.75774232842618,793,794
2024-01-01 07:32:00,103.2444867769086,103.28489836983348,697,492
2024-01-01 07:33:00,103.49651003466752,103.51199442289668,950,149
2024-01-01 07:34:00,103.2313812254813,103.26279363073941,237,108
2024-01-01 07:35:00,102.83494480935013,102.85355288423082,177,557
2024-01-01 07:36:00,102.78142962937285,102.79191446035861,250,307
2024-01-01 07:37:00,102.26380846816316,102.28345652646715,176,462
2024-01-01 07:38:00,101.98698381548957,102.03601876568597,306,501
2024-01-01 07:39:00,101.38804486919514,101.43010635367047,725,114
2024-01-01 07:40:00,102.37040743565335,102.41879050142619,596,644
2024-01-01 07:41:00,102.38803921163921,102.41755337339626,243,203
2024-01-01 07:42:00,102.03817645764292,102.05256590559001,752,315
2024-01-01 07:43:00,102.14516641301003,102.17708479256898,153,870
2024-01-01 07:44:00,102.08900238816462,102.11717748154702,584,128
2024-01-01 07:45:00,101.97851758839799,102.02229187170758,314,364
2024-01-01 07:46:00,102.2856009384197,102.29952424165107,851,711
2024-01-01 07:47:00,102.66435479344337,102.69388443892424,991,996
2024-01-01 07:48:00,102.3991042196381,102.41510616622587,433,609
2024-01-01 07:49:00,102.11119509931576,102.13418213639137,309,966
2024-01-01 07:50:00,101.97366925073993,102.01316353383544,463,940
2024-01-01 07:51:00,100.82270866837214,100.8517493935469,407,297
2024-01-01 07:52:00,100.06511313727287,100.09014866867871,124,839
2024-01-01 07:53:00,100.74855027099512,100.77432932213793,404,917
2024-01-01 07:54:00,101.57103412774578,101.59941199848201,633,659
2024-01-01 07:55:00,101.44651610796758,101.48791676972107,820,463
2024-01-01 07:56:00,101.73479458949546,101.78047797705307,959,74
2024-01-01 07:57:00,101.89041966676723,101.93863305422738,237,333
2024-01-01 07:58:00,103.42986007099485,103.47133620644506,734,498
2024-01-01 07:59:00,103.98964752671215,104.01226380254207,339,930
2024-01-01 08:00:00,103.92568873097176,103.96321411921522,94,350
2024-01-01 08:01:00,103.44791851067154,103.47542263563376,622,117
2024-01-01 08:02:00,102.64469535054276,102.66488217542461,132,56
2024-01-01 08:03:00,102.74642716847637,102.7900620316534,172,866
2024-01-01 08:04:00,102.36825179583423,102.37978884979272,407,186
2024-01-01 08:05:00,101.65712494103538,101.70319542072079,577,213
2024-01-01 08:06:00,101.33383849891412,101.36229759749911,115,132
2024-01-01 08:07:00,100.79306449710693,100.82855255617926,985,946
2024-01-01 08:08:00,101.6366353146432,101.67300947153143,706,699
2024-01-01 08:09:00,102.07745519311793,102.12325990274618,424,469
2024-01-01 08:10:00,102.07346887245961,102.10893565974631,211,122
2024-01-01 08:11:00,102.81344094190463,102.84799828529503,795,286
2024-01-01 08:12:00,102.85212509572844,102.86479117735087,429,95
2024-01-01 08:13:00,102.42148299506431,102.45221931594212,705,667
2024-01-01 08:14:00,103.18304503369914,103.19905179373183,407,977
2024-01-01 08:15:00,103.45250005554146,103.49199740629032,237,849
2024-01-01 08:16:00,102.93387697837824,102.96436585521074,371,311
2024-01-01 08:17:00,102.83870763933643,102.87591675050477,499,225
2024-01-01 08:18:00,102.40089851264406,102.41256542866816,523,215
2024-01-01 08:19:00,101.7094986471619,101.72289032780373,62,706
2024-01-01 08:20:00,102.17258742092771,102.21124035645022,233,891
2024-01-01 08:21:00,103.12729574116278,103.14017911460273,160,419
2024-01-01 08:22:00,102.42801195425321,102.44086222336382,976,844
2024-01-01 08:23:00,102.7094965725985,102.71998091160789,557,103
2024-01-01 08:24:00,102.38417528803758,102.43243534396956,339,739
2024-01-01 08:25:00,102.14061259615522,102.18011293053358,344,468
2024-01-01 08:26:00,101.8444156340358,101.86854569037588,500,805
2024-01-01 08:27:00,101.41242024919589,101.4342816724474,953,556
2024-01-01 08:28:00,101.4366810631683,101.46066919235813,264,390
2024-01-01 08:29:00,101.02120600496278,101.06219214621002,681,176
2024-01-01 08:30:00,101.1564344178527,101.19288924229551,943,458
2024-01-01 08:31:00,101.13131536312814,101.14872318584284,616,973
2024-01-01 08:32:00,101.01184133969493,101.02880571310828,76,416
2024-01-01 08:33:00,100.55805950867413,100.57199533466267,679,320
2024-01-01 08:34:00,100.26967384338997,100.30608595217802,782,693
2024-01-01 08:35:00,100.64736945630284,100.68794436279171,280,654
2024-01-01 08:36:00,100.89782805011502,100.91842990724803,614,428
2024-01-01 08:37:00,100.40905042771575,100.41988822615698,856,122
2024-01-01 08:38:00,100.45871658043036,100.47200344712942,370,972
2024-01-01 08:39:00,100.83441014211627,100.88312454351006,962,971
2024-01-01 08:40:00,99.99970750155558,100.02152529265467,282,964
2024-01-01 08:41:00,100.27138759774554,100.31215652365907,719,297
2024-01-01 08:42:00,99.94007571827262,99.97506226102679,486,909
2024-01-01 08:43:00,100.2253750525692,100.25065263815532,830,834
2024-01-01 08:44:00,99.84374547429795,99.86197296478576,582,92
2024-01-01 08:45:00,98.94130442396568,98.95615988069206,452,426
2024-01-01 08:46:00,98.12753320502411,98.16213372374567,102,90
2024-01-01 08:47:00,98.15157567835479,98.1925610295803,836,219
2024-01-01 08:48:00,98.28143692921553,98.31719309935717,362,995
2024-01-01 08:49:00,97.82927861666333,97.8604907019933,330,261
2024-01-01 08:50:00,98.14857484605201,98.16025289498928,775,542
2024-01-01 08:51:00,97.31781481491754,97.36655436602132,80,729
2024-01-01 08:52:00,97.28477491559387,97.32672348326005,386,88
2024-01-01 08:53:00,96.67926681571265,96.70097969718068,232,418
2024-01-01 08:54:00,96.35334876181157,96.40254757498593,72,806
2024-01-01 08:55:00,96.37704809746978,96.41112336105523,593,200
2024-01-01 08:56:00,95.9468414148278,95.98013832115609,495,160
2024-01-01 08:57:00,95.75456364271288,95.79448656989007,123,529
2024-01-01 08:58:00,96.2577100473201,96.3001808388437,59,485
2024-01-01 08:59:00,95.96926411255853,96.00552325685179,533,96
2024-01-01 09:00:00,96.38711016859111,96.40223399844575,505,624
2024-01-01 09:01:00,95.8222567412623,95.84578744150207,615,786
2024-01-01 09:02:00,96.08715883021993,96.13428217583298,613,415
2024-01-01 09:03:00,96.80794314054889,96.82692776502265,709,118
2024-01-01 09:04:00,95.57212089048524,95.59700757143874,209,348
2024-01-01 09:05:00,95.17367326275,95.20095633806777,931,993
2024-01-01 09:06:00,95.46220932634027,95.48978552592806,63,851
2024-01-01 09:07:00,95.36068663331878,95.39520421661855,227,345
2024-01-01 09:08:00,95.54625957000444,95.59398260351422,461,252
2024-01-01 09:09:00,95.24426697664651,95.26389468511981,927,110
2024-01-01 09:10:00,95.28756187038297,95.30242192543501,102,995
2024-01-01 09:11:00,95.20972325268693,95.22762207228132,457,879
2024-01-01 09:12:00,95.79361428351683,95.8390912795252,896,363
2024-01-01 09:13:00,95.92082470516745,95.95665713767366,71,210
2024-01-01 09:14:00,96.08962603620505,96.11106230777462,79,380
2024-01-01 09:15:00,95.88368755314382,95.92632543070256,752,577
2024-01-01 09:16:00,95.63988444110757,95.6843392409621,309,387
2024-01-01 09:17:00,95.42360534719775,95.46746592074535,254,655
2024-01-01 09:18:00,95.6208314183869,95.66758847973249,108,353
2024-01-01 09:19:00,95.41033917797677,95.4304288187837,520,552
2024-01-01 09:20:00,95.55522660642498,95.59542828357483,825,699
2024-01-01 09:21:00,96.5929270057477,96.62134858563866,515,387
2024-01-01 09:22:00,97.02848935746354,97.07216929957914,61,599
2024-01-01 09:23:00,96.86547759137962,96.90461721846609,680,688
2024-01-01 09:24:00,97.4660845524616,97.50714245032158,976,324
2024-01-01 09:25:00,97.26204686595082,97.29829333945807,339,213
2024-01-01 09:26:00,96.24298459836189,96.26008174914068,899,492
2024-01-01 09:27:00,95.73894144290318,95.77074251965907,809,368
2024-01-01 09:28:00,94.80354548239026,94.85293227197124,403,638
2024-01-01 09:29:00,94.62778874036961,94.6752842630295,688,553
2024-01-01 09:30:00,94.63699792996438,94.64872487939626,124,735
2024-01-01 09:31:00,95.47521658610202,95.4918091787312,922,436
2024-01-01 09:32:00,95.6386802729841,95.65394942392228,765,919
2024-01-01 09:33:00,95.52913000857967,95.56816920497909,610,882
2024-01-01 09:34:00,95.94383279917142,95.9865442123657,640,937
2024-01-01 09:35:00,94.83826514466747,94.8568055993199,490,652
2024-01-01 09:36:00,94.95607242372175,94.98630653143982,290,799
2024-01-01 09:37:00,95.34150502066524,95.38513314178569,910,825
2024-01-01 09:38:00,94.60221189777532,94.64152395956597,203,740
2024-01-01 09:39:00,95.17408891937879,95.20577840759846,835,543
2024-01-01 09:40:00,95.34333712312599,95.37695103074434,145,539
2024-01-01 09:41:00,95.13569316617559,95.16602758805223,775,770
2024-01-01 09:42:00,95.45208409922873,95.47398603728148,343,122
2024-01-01 09:43:00,96.58743052813094,96.6200314078453,258,558
2024-01-01 09:44:00,96.67836365566018,96.71591906774218,392,439
2024-01-01 09:45:00,96.80247394881034,96.84740686544478,137,668
2024-01-01 09:46:00,96.57279349904023,96.6082451531994,867,906
2024-01-01 09:47:00,96.14787131430784,96.18831617578957,825,344
2024-01-01 09:48:00,96.56303922257995,96.57944208797812,986,418
2024-01-01 09:49:00,96.13499730962552,96.16345960860231,439,845
2024-01-01 09:50:00,96.17078042823522,96.1811536930283,374,914
2024-01-01 09:51:00,95.93195170485265,95.95181885943352,989,743
2024-01-01 09:52:00,96.17144161772585,96.21050008633037,938,598
2024-01-01 09:53:00,96.33827267036932,96.38794506842329,881,698
2024-01-01 09:54:00,96.85704264249827,96.87100976648176,206,899
2024-01-01 09:55:00,96.6020344430709,96.62809421570536,717,617
2024-01-01 09:56:00,96.46709697542421,96.50909981417217,700,236
2024-01-01 09:57:00,95.97771511753307,95.99587654291823,682,902
2024-01-01 09:58:00,95.75556848749501,95.78777188546711,626,819
2024-01-01 09:59:00,95.94421873401743,95.98354158585862,668,494
2024-01-01 10:00:00,96.32271304234011,96.35735246035053,708,619
2024-01-01 10:01:00,95.8616303802513,95.87915136963592,186,412
2024-01-01 10:02:00,96.29643334030412,96.32064872305155,972,172
2024-01-01 10:03:00,96.9742522697066,97.01560394108601,723,237
2024-01-01 10:04:00,97.18096972131845,97.21313878188373,477,791
2024-01-01 10:05:00,98.11936762759748,98.1295768121392,501,729
2024-01-01 10:06:00,97.7324730280457,97.77291265844683,661,469
2024-01-01 10:07:00,97.11014567638999,97.1215581305876,899,675
2024-01-01 10:08:00,96.22078555193785,96.2606149032471,960,301
2024-01-01 10:09:00,96.96880770768244,96.98690693008905,868,668
2024-01-01 10:10:00,97.29599053585947,97.34431347506425,190,598
2024-01-01 10:11:00,97.26819820040424,97.29291583045632,132,384
2024-01-01 10:12:00,97.40818251356416,97.43125977821768,226,141
2024-01-01 10:13:00,96.84543798991497,96.86139351192827,247,579
2024-01-01 10:14:00,98.06831397972338,98.090538148343,673,915
2024-01-01 10:15:00,98.132924570711,98.17799060118412,617,112
2024-01-01 10:16:00,98.18762196801345,98.23747534151853,740,711
2024-01-01 10:17:00,98.55050527996279,98.57523766118307,470,561
2024-01-01 10:18:00,98.79100989583114,98.81895432106931,450,188
2024-01-01 10:19:00,98.9029519079707,98.94183474549881,747,747
2024-01-01 10:20:00,98.50771468024806,98.55316251146667,520,234
2024-01-01 10:21:00,98.74344885881605,98.77717063218353,267,254
2024-01-01 10:22:00,99.68446110705356,99.71012213498068,974,821
2024-01-01 10:23:00,100.35717113013105,100.38367600376499,978,263
2024-01-01 10:24:00,101.15376444345075,101.19158916931063,877,305
2024-01-01 10:25:00,100.89815660523516,100.90828533577933,778,184
2024-01-01 10:26:00,100.40335419510588,100.43813776860426,681,622
2024-01-01 10:27:00,100.34046073505604,100.36468045547369,955,924
2024-01-01 10:28:00,100.36832319120039,100.41009108445147,224,871
2024-01-01 10:29:00,100.91541895043586,100.92913857602879,72,137
2024-01-01 10:30:00,100.06918663557846,100.1027147262564,774,885
2024-01-01 10:31:00,100.83396179530877,100.86320071090421,966,256
2024-01-01 10:32:00,100.75495784601927,100.79065086705548,284,178
2024-01-01 10:33:00,100.54151731104557,100.55411145482489,62,872
2024-01-01 10:34:00,100.03546512341548,100.06866447491261,150,52
2024-01-01 10:35:00,99.2080367874826,99.24049617100098,978,983
2024-01-01 10:36:00,99.61962207946355,99.6520484832402,585,803
2024-01-01 10:37:00,99.65628106305775,99.69042056972161,925,170
2024-01-01 10:38:00,99.01130061318723,99.04835933067629,572,434
2024-01-01 10:39:00,98.36376122715542,98.40596078714265,834,663
2024-01-01 10:40:00,98.19586887751035,98.21666170631548,501,87
2024-01-01 10:41:00,99.03037964015505,99.07338161656224,480,390
2024-01-01 10:42:00,98.90058396447324,98.93051419176378,842,974
2024-01-01 10:43:00,98.14901248791419,98.16209481907957,655,694
2024-01-01 10:44:00,98.02614095587123,98.03848299304099,762,763
2024-01-01 10:45:00,97.88977917099739,97.91314870374522,582,909
2024-01-01 10:46:00,96.5413358495266,96.58273172861107,901,70
2024-01-01 10:47:00,96.5141884162677,96.55249565365733,772,291
2024-01-01 10:48:00,96.39872115116336,96.44026574975025,701,504
2024-01-01 10:49:00,96.74682433357006,96.77751509582772,342,670
2024-01-01 10:50:00,97.67130238104274,97.69891034096095,859,352
2024-01-01 10:51:00,98.23458489581661,98.25048299688486,962,645
2024-01-01 10:52:00,98.1001405505392,98.12326826068357,150,644
2024-01-01 10:53:00,97.54687759616837,97.57423837081532,551,852
2024-01-01 10:54:00,98.8335574977933,98.84710151498048,353,118
2024-01-01 10:55:00,98.86316671480054,98.88199119290898,920,178
2024-01-01 10:56:00,98.87013136075701,98.90406037251957,589,245
2024-01-01 10:57:00,98.85806881720201,98.89749534177157,602,189
2024-01-01 10:58:00,98.95711119758595,99.00704509804166,404,493
2024-01-01 10:59:00,98.88493099162397,98.93225552487772,352,332
2024-01-01 11:00:00,98.59809998818385,98.63380259616525,545,361
2024-01-01 11:01:00,98.32467051756366,98.35152043969542,707,795
2024-01-01 11:02:00,98.30829388245566,98.34374097704399,817,584
2024-01-01 11:03:00,98.03658149688877,98.07800756161198,276,714
2024-01-01 11:04:00,97.68015860555019,97.69489205318713,285,326
2024-01-01 11:05:00,97.73337371939614,97.75976991498399,922,110
2024-01-01 11:06:00,97.6058851106857,97.64947720211113,941,368
2024-01-01 11:07:00,98.35788160497705,98.38323492305437,504,939
2024-01-01 11:08:00,97.03239670078055,97.06527159162964,62,101
2024-01-01 11:09:00,97.57815012674178,97.61166090117626,259,905
2024-01-01 11:10:00,98.2011927229906,98.21857177311594,790,202
2024-01-01 11:11:00,97.16449760678653,97.18898702445262,446,798
2024-01-01 11:12:00,96.99315380974635,97.01653426129603,149,360
2024-01-01 11:13:00,96.80743337674845,96.81848124508973,80,863
2024-01-01 11:14:00,96.10367752938954,96.1146451999452,947,593
2024-01-01 11:15:00,95.71476918559411,95.75803706734114,577,616
2024-01-01 11:16:00,95.15948126286119,95.1804040952601,698,913
2024-01-01 11:17:00,96.035616484573,96.06633963522255,378,438
2024-01-01 11:18:00,96.50345568114673,96.52540470409028,215,597
2024-01-01 11:19:00,97.1392332286438,97.18686039844842,508,671
2024-01-01 11:20:00,97.50006926066543,97.52044113102006,871,226
2024-01-01 11:21:00,96.93554337505681,96.96272964756636,149,411
2024-01-01 11:22:00,96.67328324191692,96.7181924519363,670,363
2024-01-01 11:23:00,96.91797052253088,96.96164786520255,904,856
2024-01-01 11:24:00,96.30690661808491,96.32435067479877,222,897
2024-01-01 11:25:00,96.66340583317111,96.70551156556294,798,146
2024-01-01 11:26:00,96.54324313409204,96.57157060956155,211,930
2024-01-01 11:27:00,96.35583273031723,96.38515148520065,954,262
2024-01-01 11:28:00,96.71131271441898,96.72665191331562,777,878
2024-01-01 11:29:00,96.93344437016201,96.9466684307123,825,186
2024-01-01 11:30:00,96.75296128725246,96.79207885953141,312,55
2024-01-01 11:31:00,97.33262618893458,97.36248463502879,853,158
2024-01-01 11:32:00,96.79209452513464,96.81956855323925,323,596
2024-01-01 11:33:00,97.10006232860677,97.13924265775286,52,88
2024-01-01 11:34:00,97.39661295759096,97.4372334735506,77,711
2024-01-01 11:35:00,97.24183973793397,97.25819606464074,375,474
2024-01-01 11:36:00,97.40490624905503,97.43931525503413,989,679
2024-01-01 11:37:00,96.77934946086238,96.79476362415349,198,310
2024-01-01 11:38:00,97.24136297046583,97.281417973907,589,475
2024-01-01 11:39:00,97.14891190224434,97.18519010849502,537,136
2024-01-01 11:40:00,96.88755039198482,96.93581497682815,871,514
2024-01-01 11:41:00,97.41205500490325,97.42481332555751,487,125
2024-01-01 11:42:00,97.05988315963188,97.07216534847792,114,520
2024-01-01 11:43:00,96.3556525114501,96.37693999443783,405,463
2024-01-01 11:44:00,95.57733792468815,95.59780615203759,582,874
2024-01-01 11:45:00,95.88034290036096,95.90022205232384,301,944
2024-01-01 11:46:00,95.24012822411282,95.28637840733366,284,775
2024-01-01 11:47:00,96.117525315105,96.13750716309897,276,506
2024-01-01 11:48:00,95.07656061116315,95.09743860020829,574,334
2024-01-01 11:49:00,95.92478879530816,95.96516472580488,362,288
2024-01-01 11:50:00,96.03029752890947,96.0582871226075,98,726
2024-01-01 11:51:00,95.98194097297427,96.02300939525247,167,648
2024-01-01 11:52:00,95.7094814295698,95.72209607587239,103,702
2024-01-01 11:53:00,95.90904948674584,95.93855233449278,699,721
2024-01-01 11:54:00,95.89023213553341,95.90157667954074,614,607
2024-01-01 11:55:00,96.44188307654167,96.45438920467988,93,421
2024-01-01 11:56:00,96.4989969008727,96.54525439900647,864,544
2024-01-01 11:57:00,96.57414778160363,96.58971759644834,102,673
2024-01-01 11:58:00,96.39234167549671,96.42363850278772,635,968
2024-01-01 11:59:00,96.36386886363617,96.3903126877402,607,94
2024-01-01 12:00:00,96.5177697480822,96.54166348113256,574,450
2024-01-01 12:01:00,95.66268555175388,95.70867888558138,726,296
2024-01-01 12:02:00,94.98859284070103,94.99946577657205,151,665
2024-01-01 12:03:00,95.36022488771239,95.39677647515941,841,646
2024-01-01 12:04:00,95.44565760677636,95.4941933841449,819,499
2024-01-01 12:05:00,95.35366593860002,95.38607266593849,898,534
2024-01-01 12:06:00,95.36288290513272,95.41035580361404,917,695
2024-01-01 12:07:00,95.53667375781355,95.54876407298498,447,669
2024-01-01 12:08:00,95.26679391765887,95.29354565042183,187,67
2024-01-01 12:09:00,94.87764155495772,94.8980478665962,724,655
2024-01-01 12:10:00,94.97556418250656,95.01479702110579,970,711
2024-01-01 12:11:00,94.48637779369903,94.53562967731892,436,807
2024-01-01 12:12:00,94.69050417155627,94.71076537405403,160,338
2024-01-01 12:13:00,93.83921236943735,93.87537935349631,663,463
2024-01-01 12:14:00,94.35379018810018,94.37171409341056,66,770
2024-01-01 12:15:00,94.5900889293067,94.62270213948956,829,687
2024-01-01 12:16:00,94.71810379646364,94.74666109593117,231,284
2024-01-01 12:17:00,95.20944928843639,95.25832950162165,933,465
2024-01-01 12:18:00,96.04218651066768,96.07652760157553,585,987
2024-01-01 12:19:00,96.54937154317675,96.57335179806022,590,548
2024-01-01 12:20:00,95.62893442751093,95.64349825890645,220,683
2024-01-01 12:21:00,94.98914594414308,95.00519581729247,458,699
2024-01-01 12:22:00,94.67673665529523,94.69574933249328,789,164
2024-01-01 12:23:00,94.68978218040066,94.70982084685427,427,981
2024-01-01 12:24:00,94.94861169063522,94.99263633294886,237,723
2024-01-01 12:25:00,94.58573978405848,94.61818869558978,907,762
2024-01-01 12:26:00,94.67912316629702,94.71005880275199,279,283
2024-01-01 12:27:00,94.30143170012036,94.31602245499514,882,589
2024-01-01 12:28:00,93.99567279862438,94.04007838635836,901,60
2024-01-01 12:29:00,93.29234225020028,93.33125482232862,168,255
2024-01-01 12:30:00,92.83072562714482,92.84343236162081,205,728
2024-01-01 12:31:00,92.15488332433665,92.19319672822584,833,296
2024-01-01 12:32:00,91.66694669784799,91.69868822654169,736,608
2024-01-01 12:33:00,92.1937675961519,92.20703660998177,514,807
2024-01-01 12:34:00,91.71906815173594,91.74740017739708,153,176
2024-01-01 12:35:00,93.03525918415463,93.06464703563982,653,196
2024-01-01 12:36:00,93.28191813459507,93.2985491162016,747,167
2024-01-01 12:37:00,93.37433619644251,93.42216412232253,844,960
2024-01-01 12:38:00,92.9451573063519,92.98915632121113,551,431
2024-01-01 12:39:00,93.2953122460564,93.33207313954956,742,461
2024-01-01 12:40:00,93.00749333293751,93.03598515537753,731,713
2024-01-01 12:41:00,93.0684982402602,93.09496886192358,748,633
2024-01-01 12:42:00,94.3485405093946,94.38457944808063,224,412
2024-01-01 12:43:00,94.30051055953227,94.33232783430854,783,558
2024-01-01 12:44:00,94.87514722267511,94.88763814691039,794,186
2024-01-01 12:45:00,94.52355901011217,94.55405911606297,723,224
2024-01-01 12:46:00,94.50606476486368,94.548320909553,470,338
2024-01-01 12:47:00,95.39146508268144,95.41983467778532,183,530
2024-01-01 12:48:00,95.07798155378755,95.09005981688972,440,68
2024-01-01 12:49:00,95.98420583278602,96.02565696076138,785,244
2024-01-01 12:50:00,96.33808180051375,96.3561363517992,550,379
2024-01-01 12:51:00,96.05684841256662,96.07719324596215,714,985
2024-01-01 12:52:00,96.37305228209438,96.38964053623167,82,224
2024-01-01 12:53:00,96.85932950690774,96.8825381095026,104,498
2024-01-01 12:54:00,97.17023448801635,97.21050454824389,568,974
2024-01-01 12:55:00,96.38512212807112,96.41589756245128,805,995
2024-01-01 12:56:00,96.02155354015868,96.03974879112471,874,403
2024-01-01 12:57:00,95.89779422238293,95.942907425509,687,548
2024-01-01 12:58:00,95.8605775078329,95.90576078203097,61,190
2024-01-01 12:59:00,96.17091355660824,96.21573669361008,577,807
2024-01-01 13:00:00,96.25976405707488,96.27931590553014,769,946
2024-01-01 13:01:00,95.59209187771982,95.62014145148706,604,979
2024-01-01 13:02:00,95.7821908032228,95.83159038946845,422,142
2024-01-01 13:03:00,96.08748367586472,96.12836417491712,533,993
2024-01-01 13:04:00,96.36737889983023,96.37846559667925,696,288
2024-01-01 13:05:00,96.90776926260754,96.92037744625796,277,254
2024-01-01 13:06:00,97.324730339882,97.3532875949545,672,609
2024-01-01 13:07:00,97.55432037949622,97.60068918773068,356,482
2024-01-01 13:08:00,97.51923752376689,97.550785595685,506,294
2024-01-01 13:09:00,96.6887570570089,96.71866955733027,209,881
2024-01-01 13:10:00,96.90356616657519,96.91778511457345,380,366
2024-01-01 13:11:00,97.00741001015675,97.04368121434572,825,974
2024-01-01 13:12:00,97.14319942875443,97.18608355517844,274,344
2024-01-01 13:13:00,96.50482514084428,96.53004194114457,778,689
2024-01-01 13:14:00,95.96429687064014,96.00532134467716,553,905
2024-01-01 13:15:00,96.49087329730659,96.53945236346263,505,331
2024-01-01 13:16:00,96.47109572037827,96.48924637874337,94,66
2024-01-01 13:17:00,96.81184606906459,96.84277925431238,263,120
2024-01-01 13:18:00,96.82600525712981,96.8474907754532,108,318
2024-01-01 13:19:00,96.84088332687769,96.88259750363905,693,374
2024-01-01 13:20:00,97.31002522986569,97.34312896450093,665,843
2024-01-01 13:21:00,97.052002865757,97.08738616245901,244,354
2024-01-01 13:22:00,97.10006325422749,97.14197982061214,974,500
2024-01-01 13:23:00,96.86892560987496,96.89476442878146,538,56
2024-01-01 13:24:00,96.65167749615881,96.6982810988951,206,363
2024-01-01 13:25:00,96.49709143442449,96.52841258911434,659,866
2024-01-01 13:26:00,96.60815832024134,96.62447651315476,275,152
2024-01-01 13:27:00,96.36878400940961,96.40661997413636,461,870
2024-01-01 13:28:00,96.99666207219637,97.0383925262139,254,242
2024-01-01 13:29:00,96.54935842108662,96.57202888816933,128,802
2024-01-01 13:30:00,96.45592259900593,96.50020976928587,173,623
2024-01-01 13:31:00,96.23605706986885,96.28230280005948,520,578
2024-01-01 13:32:00,96.95954601204572,96.98062219154083,989,220
2024-01-01 13:33:00,97.0578234003015,97.10716425921011,267,586
2024-01-01 13:34:00,97.57374567003582,97.58937413115777,565,300
2024-01-01 13:35:00,96.83096548351733,96.84904611025343,651,814
2024-01-01 13:36:00,96.96449061645197,96.98185961002149,153,436
2024-01-01 13:37:00,97.40930601426368,97.45506560266399,442,256
2024-01-01 13:38:00,97.45044800890139,97.48661971099439,680,590
2024-01-01 13:39:00,97.98318819643407,97.99927236776296,694,678
2024-01-01 13:40:00,97.72454397138388,97.75215690811862,873,465
2024-01-01 13:41:00,98.42921769147668,98.46382961247947,657,843
2024-01-01 13:42:00,99.5786667532863,99.59200531668587,483,429
2024-01-01 13:43:00,99.39724747306647,99.44254412780276,380,193
2024-01-01 13:44:00,99.17449621236608,99.21664035378375,192,74
2024-01-01 13:45:00,99.90118845092493,99.931396721868,849,871
2024-01-01 13:46:00,100.69097452379029,100.73965958840066,589,717
2024-01-01 13:47:00,100.42954451021366,100.45625494938466,327,122
2024-01-01 13:48:00,100.21945110166573,100.26881551442719,282,681
2024-01-01 13:49:00,100.07855879723547,100.11527559718762,578,873
2024-01-01 13:50:00,99.40633354171834,99.44172039264849,620,882
2024-01-01 13:51:00,98.94700756847624,98.96364576428807,139,142
2024-01-01 13:52:00,98.4449371851002,98.49021429543238,541,554
2024-01-01 13:53:00,98.06103840254814,98.08813799006496,248,647
2024-01-01 13:54:00,98.04369595885474,98.06018529508604,411,385
2024-01-01 13:55:00,98.16080332512301,98.17130762592204,490,474
2024-01-01 13:56:00,98.93605357153005,98.96844379887558,75,548
2024-01-01 13:57:00,98.43687655116065,98.46797253604556,74,413
2024-01-01 13:58:00,98.92903775039895,98.9678118952937,443,996
2024-01-01 13:59:00,98.82204332828618,98.8676536504069,556,679
2024-01-01 14:00:00,98.79731147345997,98.81048773684569,350,794
2024-01-01 14:01:00,99.13472121954328,99.17398107915689,388,248
2024-01-01 14:02:00,98.57336020876213,98.59085668652602,316,767
2024-01-01 14:03:00,98.76456508185414,98.80889216398043,510,462
2024-01-01 14:04:00,98.84779118596067,98.89055372651514,742,388
2024-01-01 14:05:00,99.09401681796476,99.12564856816418,505,708
2024-01-01 14:06:00,99.23860113991866,99.2770108518636,409,986
2024-01-01 14:07:00,100.4662512098741,100.48882521440146,117,478
2024-01-01 14:08:00,100.14738121774845,100.17622793370576,912,832
2024-01-01 14:09:00,99.88188274024755,99.92474821615596,461,948
2024-01-01 14:10:00,99.57031247703516,99.59868308492209,540,188
2024-01-01 14:11:00,99.29257391745503,99.31688584806805,882,742
2024-01-01 14:12:00,98.97388035380177,99.00364885169179,98,991
2024-01-01 14:13:00,99.56838861935555,99.61151858945303,736,591
2024-01-01 14:14:00,100.27864074335048,100.30204906524531,613,106
2024-01-01 14:15:00,99.99326759647573,100.01021806020117,151,281
2024-01-01 14:16:00,99.57708980992362,99.61557037073685,265,707
2024-01-01 14:17:00,99.81279758811682,99.85583671662515,487,484
2024-01-01 14:18:00,99.53668606597634,99.55071156511728,749,433
2024-01-01 14:19:00,99.8531519748541,99.87274693936433,618,609
2024-01-01 14:20:00,99.95461348527975,99.97029236487019,608,243
2024-01-01 14:21:00,99.19674142778113,99.22065908424442,208,785
2024-01-01 14:22:00,99.97049402844615,99.99850806760237,538,697
2024-01-01 14:23:00,100.86843286499392,100.90838591847245,735,583
2024-01-01 14:24:00,100.56203851975172,100.59808442314699,291,567
2024-01-01 14:25:00,100.36818773978374,100.40302488248287,843,765
2024-01-01 14:26:00,100.51112043514618,100.53521543301056,802,800
2024-01-01 14:27:00,100.6783488301397,100.72200673226308,931,234
2024-01-01 14:28:00,101.00762096647611,101.03647245317204,54,921
2024-01-01 14:29:00,102.0127232358593,102.06188743337991,645,341
2024-01-01 14:30:00,101.92424962211227,101.9596153076441,869,384
2024-01-01 14:31:00,101.52510099984303,101.54015158950561,410,781
2024-01-01 14:32:00,100.83544138583578,100.8724884883188,508,165
2024-01-01 14:33:00,100.46997636586482,100.49298052648209,297,874
2024-01-01 14:34:00,100.45341287942792,100.49086596729536,615,98
2024-01-01 14:35:00,101.3506918111868,101.3634774571133,722,734
2024-01-01 14:36:00,101.09188616166873,101.10888141915576,995,131
2024-01-01 14:37:00,101.20378013748818,101.24800962784441,471,883
2024-01-01 14:38:00,101.1955686894518,101.21465587173275,972,382
2024-01-01 14:39:00,101.78976532617584,101.83324697118556,787,606
2024-01-01 14:40:00,103.05323153911266,103.07440258265083,64,384
2024-01-01 14:41:00,102.78779715265249,102.82351242905483,785,581
2024-01-01 14:42:00,102.54307743139339,102.58084345433377,622,270
2024-01-01 14:43:00,103.06515786992792,103.09566406005372,171,684
2024-01-01 14:44:00,103.40610361474107,103.42831604180894,326,795
2024-01-01 14:45:00,104.3294572776091,104.34796305266394,607,782
2024-01-01 14:46:00,104.62142137027207,104.63274894445458,502,372
2024-01-01 14:47:00,104.44177532487855,104.46393318092818,439,900
2024-01-01 14:48:00,104.7371027402247,104.77322925184595,343,52
2024-01-01 14:49:00,105.29145453051615,105.33898672325408,623,743
2024-01-01 14:50:00,105.70169562111484,105.74654380040536,647,255
2024-01-01 14:51:00,105.95533263666849,105.9959752277299,495,881
2024-01-01 14:52:00,106.48866998146306,106.5302078751932,259,89
2024-01-01 14:53:00,107.0733177766859,107.10991717282494,639,108
2024-01-01 14:54:00,107.76439727220466,107.7848087465073,763,623
2024-01-01 14:55:00,108.08875221599948,108.13504001722771,351,693
2024-01-01 14:56:00,108.00519317584106,108.04202246831728,958,556
2024-01-01 14:57:00,108.07855001905772,108.11096764429693,272,621
2024-01-01 14:58:00,108.68180450231189,108.69624408108044,783,933
2024-01-01 14:59:00,108.27333666681828,108.30121888857053,52,892
2024-01-01 15:00:00,108.45767332125473,108.48608765210281,567,171
2024-01-01 15:01:00,108.26100391509104,108.30558645947194,142,528
2024-01-01 15:02:00,108.27537632655846,108.30724225536596,569,668
2024-01-01 15:03:00,108.9146022578621,108.93981827982091,477,145
2024-01-01 15:04:00,109.01015179187206,109.0592238050125,542,908
2024-01-01 15:05:00,109.03337006595012,109.04779888968318,284,463
2024-01-01 15:06:00,108.35344199546017,108.38034393259265,669,284
2024-01-01 15:07:00,108.72656877847378,108.73824976548063,210,947
2024-01-01 15:08:00,109.04931086904432,109.088907033875,770,111
2024-01-01 15:09:00,110.13093823069704,110.177661292785,801,305
2024-01-01 15:10:00,109.97704911322054,109.99825060640256,380,610
2024-01-01 15:11:00,110.08662427705252,110.13095794412449,382,954
2024-01-01 15:12:00,110.21131611890789,110.23300484812637,99,397
2024-01-01 15:13:00,111.00004275878963,111.04647356525538,572,720
2024-01-01 15:14:00,110.95239499259615,110.99255346874003,912,173
2024-01-01 15:15:00,111.09190575548132,111.13410202655498,717,531
2024-01-01 15:16:00,111.39585401033959,111.4065742725636,541,366
2024-01-01 15:17:00,111.48915857191777,111.53767098620074,631,553
2024-01-01 15:18:00,111.2659417646425,111.30500860432532,730,768
2024-01-01 15:19:00,111.36298676109166,111.3851768049071,321,97
2024-01-01 15:20:00,111.89980263602155,111.94297842261591,629,458
2024-01-01 15:21:00,111.38654498631603,111.40780583425263,916,981
2024-01-01 15:22:00,111.45302982338946,111.4979399769721,301,185
2024-01-01 15:23:00,111.10296941591987,111.11747263153634,609,250
2024-01-01 15:24:00,111.7004927303823,111.73864016948073,745,299
2024-01-01 15:25:00,110.9388992779904,110.9705272170562,881,363
2024-01-01 15:26:00,110.6594383543546,110.67329973316242,748,918
2024-01-01 15:27:00,110.84804429188688,110.86772004501724,139,417
2024-01-01 15:28:00,111.63080630650404,111.64130246795513,495,478
2024-01-01 15:29:00,111.59793117596755,111.62668189458613,381,879
2024-01-01 15:30:00,111.32033141262094,111.34238202305134,188,856
2024-01-01 15:31:00,112.26090994734125,112.29484424671315,406,529
2024-01-01 15:32:00,111.53690299713313,111.55879250944147,650,363
2024-01-01 15:33:00,110.43750001882309,110.45949678328337,323,549
2024-01-01 15:34:00,110.65750724384975,110.69723497179902,68,770
2024-01-01 15:35:00,110.40648013167345,110.41840584511259,360,404
2024-01-01 15:36:00,109.89586372310808,109.94197952291576,919,534
2024-01-01 15:37:00,110.25004194675776,110.29413250173342,935,260
2024-01-01 15:38:00,110.37194230364337,110.40865449097242,203,753
2024-01-01 15:39:00,110.089902988275,110.1236318510793,439,93
2024-01-01 15:40:00,109.44975078893955,109.49544288886514,309,590
2024-01-01 15:41:00,109.88597945307963,109.90339266026078,669,620
2024-01-01 15:42:00,110.21108004205895,110.22423880854659,932,632
2024-01-01 15:43:00,110.16149211016926,110.18107251696564,846,141
2024-01-01 15:44:00,111.0848106081931,111.1265937393411,620,314
2024-01-01 15:45:00,110.54976822503002,110.56115503569909,174,944
2024-01-01 15:46:00,109.78700563956765,109.82031791297099,403,269
2024-01-01 15:47:00,109.44105160462703,109.49086910527468,322,951
2024-01-01 15:48:00,109.41825859644928,109.46248644020278,668,974
2024-01-01 15:49:00,109.53992832111062,109.57078614867237,860,491
2024-01-01 15:50:00,109.41931029218246,109.43185592855393,294,450
2024-01-01 15:51:00,109.5953379904396,109.63859293101503,897,449
2024-01-01 15:52:00,108.96956827834438,109.00352741867147,499,776
2024-01-01 15:53:00,109.69145058038102,109.7060479002634,979,948
2024-01-01 15:54:00,109.65037499118473,109.66412928257766,296,838
2024-01-01 15:55:00,110.20902290697879,110.25540797975626,569,625
2024-01-01 15:56:00,110.38038558016765,110.41715359068517,190,907
2024-01-01 15:57:00,110.60876218974454,110.65193366171721,411,853
2024-01-01 15:58:00,110.89364582986065,110.93880498587194,57,539
2024-01-01 15:59:00,111.1175001098693,111.15037100395124,527,534
2024-01-01 16:00:00,111.43886148980307,111.46955934387327,401,806
2024-01-01 16:01:00,112.10343775486929,112.13065485128213,544,519
2024-01-01 16:02:00,112.20169833972002,112.22437620323167,655,623
2024-01-01 16:03:00,112.55620021851428,112.58358405694862,882,987
2024-01-01 16:04:00,112.51133237137066,112.55228755759987,476,893
2024-01-01 16:05:00,113.2313909790954,113.265467916336,88,731
2024-01-01 16:06:00,112.89319482806576,112.93889575966395,642,494
2024-01-01 16:07:00,113.79366504452118,113.82140024509634,236,318
2024-01-01 16:08:00,113.773586069199,113.80786965234775,645,316
2024-01-01 16:09:00,113.05819851813997,113.09345082026366,649,103
2024-01-01 16:10:00,113.12225072559536,113.15591861208762,803,577
2024-01-01 16:11:00,112.78172489685792,112.81983024778134,903,569
2024-01-01 16:12:00,113.20204667135229,113.22154401008729,142,665
2024-01-01 16:13:00,112.87573468170109,112.90622923280291,135,108
2024-01-01 16:14:00,112.6526429650937,112.66681195720604,93,874
2024-01-01 16:15:00,111.70787259962094,111.73325305272674,186,89
2024-01-01 16:16:00,111.4817194399964,111.51122612274125,470,286
2024-01-01 16:17:00,110.26977977668193,110.30586874706376,123,435
2024-01-01 16:18:00,109.47782836493906,109.5258496070425,597,655
2024-01-01 16:19:00,109.85803569301122,109.89206173567315,662,783
2024-01-01 16:20:00,110.25093577233663,110.29067952898369,561,765
2024-01-01 16:21:00,110.46366455322911,110.49391519560892,205,699
2024-01-01 16:22:00,109.9801764816645,110.01554064291955,987,349
2024-01-01 16:23:00,109.95632080359351,109.96915809223887,304,444
2024-01-01 16:24:00,109.95451953404823,109.9746951972819,220,256
2024-01-01 16:25:00,109.37533718945195,109.39981131318017,777,385
2024-01-01 16:26:00,110.12703634033554,110.1559360745358,219,642
2024-01-01 16:27:00,110.56571748562337,110.57754343544346,813,779
2024-01-01 16:28:00,110.45523539870854,110.47083636261067,921,563
2024-01-01 16:29:00,110.4686783182058,110.48975089051746,371,227
2024-01-01 16:30:00,110.57286972217958,110.62173102981562,616,445
2024-01-01 16:31:00,109.55200228796744,109.57525616825156,505,420
2024-01-01 16:32:00,109.42841359670714,109.45769523903162,993,907
2024-01-01 16:33:00,109.08742147270824,109.10526538121778,652,840
2024-01-01 16:34:00,108.58661146776078,108.6210426706038,839,707
2024-01-01 16:35:00,108.4460613213178,108.46728864993844,662,367
2024-01-01 16:36:00,109.34490458474257,109.3631842878801,204,785
2024-01-01 16:37:00,109.66532601537607,109.69598892051391,938,418
2024-01-01 16:38:00,109.37973652048467,109.38995675245108,398,433
2024-01-01 16:39:00,109.66602791116274,109.67633447246871,500,111
